随手记导出文件(headers:v5; iPhone; MyMoneyPro; 12.82.0; 20210422)
交易类型,日期,类别,子类别,项目,账户,账户币种,金额,成员,商家,备注,关联Id
支出,2021-04-21 14:46:58,行车交通,加油,,港币,HKD,400.00,,,,
支出,2021-04-21 13:49:01,食品酒水,中餐,,港币,HKD,15.00,老公,公司食堂,,
支出,2021-04-20 14:16:26,食品酒水,中餐,,港币,HKD,10.00,,,饮料,
支出,2021-04-20 08:53:40,食品酒水,中餐,,港币,HKD,15.00,老公,公司食堂,,
支出,2021-04-19 19:50:03,人情费用,请客,,人民币,CNY,190.00,,,羊蝎子,
支出,2021-04-19 17:25:16,购物消费,珠宝首饰,,港币,HKD,10308.00,,,,
支出,2021-04-19 14:29:37,居家生活,快递费,,人民币,CNY,80.00,,,,
支出,2021-04-19 12:59:07,食品酒水,中餐,,港币,HKD,15.00,老公,公司食堂,,
支出,2021-04-19 00:28:47,食品酒水,买菜,,人民币,CNY,217.00,,,,
支出,2021-04-18 18:06:35,食品酒水,下午茶,,港币,HKD,116.00,,,,
支出,2021-04-18 18:06:26,食品酒水,买菜,,港币,HKD,182.00,,,,
支出,2021-04-18 18:06:11,食品酒水,买菜,,港币,HKD,127.00,,,,
支出,2021-04-17 22:51:21,食品酒水,饮料酒水,,港币,HKD,110.00,,,,
支出,2021-04-17 22:51:12,购物消费,衣裤鞋帽,,人民币,CNY,98.00,,,,
支出,2021-04-17 12:57:19,行车交通,公共交通,,港币,HKD,39.20,,,,
支出,2021-04-17 12:30:41,食品酒水,中餐,,港币,HKD,145.00,,,,
支出,2021-04-17 09:38:24,食品酒水,饮料酒水,,港币,HKD,7.50,,,,
支出,2021-04-17 09:38:06,购物消费,家具家电,,人民币,CNY,17.00,,,,
支出,2021-04-16 00:23:54,购物消费,家具家电,,人民币,CNY,96.00,,,,
支出,2021-04-16 00:22:49,购物消费,衣裤鞋帽,,人民币,CNY,162.00,老公,,,
支出,2021-04-16 00:22:16,购物消费,汽车用品,,人民币,CNY,270.00,,,,
支出,2021-04-14 19:43:19,食品酒水,晚餐,,港币,HKD,132.00,,,,
支出,2021-04-14 19:43:12,食品酒水,饮料酒水,,港币,HKD,52.40,,,,
支出,2021-04-14 10:46:11,行车交通,加油,,港币,HKD,1021.00,,,,
支出,2021-04-13 15:48:06,食品酒水,中餐,,港币,HKD,75.00,,,,
支出,2021-04-12 21:52:08,行车交通,加油,,港币,HKD,400.00,,,,
支出,2021-04-12 10:11:08,食品酒水,早餐,,港币,HKD,5.00,,,买了杯冻柠茶,
支出,2021-04-11 22:50:32,人情费用,红包,,港币,HKD,1000.00,,,danny仇,
支出,2021-04-11 22:13:45,食品酒水,买菜,,人民币,CNY,117.00,,,包子,
支出,2021-04-11 19:34:08,食品酒水,下午茶,,港币,HKD,94.00,,,,
支出,2021-04-11 19:34:03,食品酒水,买菜,,港币,HKD,192.00,,,,
支出,2021-04-11 19:33:59,食品酒水,买菜,,港币,HKD,32.00,,,,
支出,2021-04-11 14:05:07,购物消费,超市购物,,人民币,CNY,255.00,,,,
支出,2021-04-10 22:52:41,购物消费,衣裤鞋帽,,人民币,CNY,367.00,老公,,,
支出,2021-04-10 22:47:07,休闲娱乐,聚会,,港币,HKD,208.00,,,,
支出,2021-04-10 10:06:18,购物消费,家具家电,,人民币,CNY,69.00,,,,
支出,2021-04-10 10:05:58,人情费用,孝敬长辈,,人民币,CNY,197.00,,,,
支出,2021-04-10 09:43:46,食品酒水,晚餐,,港币,HKD,55.00,,,,
支出,2021-04-10 09:43:33,食品酒水,饮料酒水,,港币,HKD,45.00,,,,
支出,2021-04-09 22:48:01,休闲娱乐,聚会,,港币,HKD,256.00,,,,
支出,2021-04-09 15:47:52,居家生活,快递费,,人民币,CNY,25.00,,,,
支出,2021-04-08 22:50:22,居家生活,电费,,港币,HKD,753.00,,,,
支出,2021-04-08 15:12:18,食品酒水,饮料酒水,,港币,HKD,14.00,老公,公司食堂,,
支出,2021-04-08 15:12:14,食品酒水,中餐,,港币,HKD,15.00,老公,公司食堂,,
支出,2021-04-07 20:39:02,食品酒水,饮料酒水,,港币,HKD,60.00,,,烟,
支出,2021-04-07 16:06:14,食品酒水,买菜,,港币,HKD,6.50,,,咖啡,
支出,2021-04-07 14:43:22,食品酒水,中餐,,港币,HKD,15.00,老公,公司食堂,,
支出,2021-04-07 14:43:19,食品酒水,早餐,,港币,HKD,10.00,老公,公司食堂,,
支出,2021-04-07 14:36:25,购物消费,超市购物,,港币,HKD,211.00,,,,
支出,2021-04-07 14:36:14,购物消费,汽车用品,,人民币,CNY,131.80,,,,
支出,2021-04-06 23:07:23,行车交通,公共交通,,港币,HKD,400.00,,,,
支出,2021-04-06 23:01:42,食品酒水,饮料酒水,,港币,HKD,20.00,,,,
支出,2021-04-06 23:01:32,休闲娱乐,聚会,,港币,HKD,498.00,,,,
支出,2021-04-05 11:02:33,购物消费,汽车用品,,人民币,CNY,81.00,,,,
支出,2021-04-05 09:57:22,购物消费,家具家电,,人民币,CNY,112.00,,,,
支出,2021-04-04 22:10:40,食品酒水,买菜,,港币,HKD,23.00,,,,
支出,2021-04-04 22:10:31,食品酒水,下午茶,,港币,HKD,70.00,,,,
支出,2021-04-04 22:10:24,食品酒水,饮料酒水,,港币,HKD,5.00,,,,
支出,2021-04-04 22:10:03,购物消费,汽车用品,,人民币,CNY,224.00,,,,
支出,2021-04-03 19:34:32,行车交通,打车,,港币,HKD,45.00,,,,
支出,2021-04-03 19:34:17,行车交通,公共交通,,港币,HKD,20.00,,,,
支出,2021-04-03 19:33:56,购物消费,珠宝首饰,,港币,HKD,15000.00,,,,
支出,2021-04-03 19:33:27,食品酒水,下午茶,,港币,HKD,95.00,,,,
支出,2021-04-03 19:32:42,购物消费,超市购物,,人民币,CNY,228.00,,,,
支出,2021-04-03 13:50:50,行车交通,公共交通,,港币,HKD,11.40,,,,
支出,2021-04-03 13:44:52,行车交通,公共交通,,港币,HKD,8.60,,,科大 宝林,
支出,2021-04-03 13:44:37,居家生活,理发理发,,港币,HKD,70.00,,,剃头,
支出,2021-04-03 11:18:27,行车交通,加油,,港币,HKD,300.00,,,,
支出,2021-04-02 21:01:52,食品酒水,饮料酒水,,港币,HKD,48.00,,,咖啡,
支出,2021-04-02 21:01:37,购物消费,衣裤鞋帽,,港币,HKD,1398.00,,,老公鞋子,
支出,2021-04-02 21:01:17,食品酒水,晚餐,,港币,HKD,89.00,,,下午茶,
支出,2021-04-01 22:45:08,购物消费,超市购物,,港币,HKD,211.00,,,,
支出,2021-04-01 22:45:00,行车交通,停车,,港币,HKD,14.00,,,,
支出,2021-04-01 22:44:02,行车交通,保险,,港币,HKD,5500.00,,,,
支出,2021-04-01 22:43:16,行车交通,牌费,,港币,HKD,1000.00,,,过户,
支出,2021-04-01 22:41:49,购物消费,汽车用品,,港币,HKD,82000.00,,,买了车,
支出,2021-04-01 17:38:02,食品酒水,饮料酒水,,港币,HKD,14.00,老公,公司食堂,,
支出,2021-04-01 17:37:55,食品酒水,中餐,,港币,HKD,15.00,老公,公司食堂,,
支出,2021-03-31 22:45:29,食品酒水,中餐,,港币,HKD,118.00,,,,
支出,2021-03-31 22:45:19,食品酒水,晚餐,,港币,HKD,188.00,,,,
支出,2021-03-31 22:44:48,行车交通,停车,,港币,HKD,90.00,,,,
支出,2021-03-31 12:05:26,食品酒水,中餐,,港币,HKD,56.00,,,,
支出,2021-03-31 09:58:49,居家生活,快递费,,人民币,CNY,14.00,,,,
支出,2021-03-31 09:55:48,购物消费,衣裤鞋帽,,人民币,CNY,993.00,老公,,,
支出,2021-03-31 09:55:34,行车交通,停车,,港币,HKD,106.00,,,,
支出,2021-03-31 09:55:20,购物消费,超市购物,,港币,HKD,218.00,,,,
支出,2021-03-31 09:55:07,食品酒水,饮料酒水,,港币,HKD,40.00,,,,
支出,2021-03-31 09:54:57,食品酒水,晚餐,,港币,HKD,188.00,,,,
支出,2021-03-31 09:54:45,食品酒水,中餐,,港币,HKD,51.00,,,,
支出,2021-03-30 18:58:06,食品酒水,买菜,,人民币,CNY,157.00,,,,
支出,2021-03-30 12:24:33,食品酒水,中餐,,港币,HKD,15.00,老公,公司食堂,,
支出,2021-03-30 12:24:28,食品酒水,早餐,,港币,HKD,10.00,老公,公司食堂,,
收入,2021-03-29 19:17:15,职业收入,工资收入,,港币,HKD,24000.00,,,,
支出,2021-03-29 17:06:42,其他杂项,税,,港币,HKD,26260.00,,,,
支出,2021-03-29 16:45:30,食品酒水,买菜,,港币,HKD,240.00,,,,
支出,2021-03-29 16:19:07,食品酒水,买菜,,人民币,CNY,101.00,,,,
支出,2021-03-29 12:24:42,食品酒水,中餐,,港币,HKD,15.00,老公,公司食堂,,
支出,2021-03-29 12:24:36,食品酒水,早餐,,港币,HKD,10.00,老公,公司食堂,,
收入,2021-03-29 08:44:20,职业收入,工资收入,,港币,HKD,63000.00,,,,
支出,2021-03-28 13:24:26,居家生活,医疗保险,,港币,HKD,720.00,,,,
支出,2021-03-28 13:24:20,食品酒水,中餐,,港币,HKD,108.00,,,,
支出,2021-03-27 20:38:09,购物消费,超市购物,,人民币,CNY,240.00,,,,
支出,2021-03-27 19:46:35,人情费用,孝敬长辈,,人民币,CNY,218.00,,,,
支出,2021-03-27 19:46:28,食品酒水,饮料酒水,,港币,HKD,90.00,,,,
支出,2021-03-27 18:25:01,购物消费,衣裤鞋帽,,人民币,CNY,485.00,,,,
支出,2021-03-27 18:22:08,购物消费,衣裤鞋帽,,人民币,CNY,348.00,老公,,,
支出,2021-03-27 18:21:35,食品酒水,买菜,,人民币,CNY,95.00,,,,
支出,2021-03-27 18:20:18,食品酒水,饮料酒水,,港币,HKD,57.00,,,烟,
支出,2021-03-27 18:20:07,行车交通,过路费,,港币,HKD,6.00,,,,
支出,2021-03-27 18:19:56,食品酒水,中餐,,港币,HKD,114.00,,,,
支出,2021-03-27 18:19:49,食品酒水,晚餐,,港币,HKD,123.00,,,,
支出,2021-03-27 18:19:30,行车交通,公共交通,,港币,HKD,61.60,,,,
支出,2021-03-26 18:19:00,行车交通,公共交通,,港币,HKD,25.00,,,,
支出,2021-03-26 18:18:05,休闲娱乐,聚会,,港币,HKD,218.00,,,,
支出,2021-03-26 18:17:54,食品酒水,早餐,,港币,HKD,27.00,,,,
支出,2021-03-26 12:46:46,行车交通,加油,,港币,HKD,400.00,,,,
支出,2021-03-26 12:46:43,食品酒水,中餐,,港币,HKD,15.00,老公,公司食堂,,
支出,2021-03-26 12:46:40,食品酒水,早餐,,港币,HKD,10.00,老公,公司食堂,,
支出,2021-03-25 19:18:35,食品酒水,早餐,,港币,HKD,36.00,,,,
支出,2021-03-24 18:59:05,食品酒水,晚餐,,港币,HKD,153.00,,,,
支出,2021-03-23 15:27:27,居家生活,快递费,,人民币,CNY,29.00,,,,
支出,2021-03-23 14:53:39,食品酒水,中餐,,港币,HKD,73.00,,,,
支出,2021-03-23 14:51:16,人情费用,祭拜神灵,,港币,HKD,260.00,,,,
支出,2021-03-22 15:46:43,食品酒水,中餐,,港币,HKD,20.00,老公,公司食堂,,
支出,2021-03-22 10:34:01,食品酒水,早餐,,港币,HKD,10.00,老公,公司食堂,,
支出,2021-03-22 10:33:51,行车交通,加油,,港币,HKD,400.00,,,,
支出,2021-03-21 19:05:05,购物消费,衣裤鞋帽,,人民币,CNY,450.00,,,,
支出,2021-03-21 19:04:52,购物消费,衣裤鞋帽,,人民币,CNY,374.00,老公,,,
支出,2021-03-21 19:04:43,食品酒水,中餐,,港币,HKD,160.00,,,,
支出,2021-03-18 18:45:12,食品酒水,饮料酒水,,港币,HKD,60.00,,,烟,
支出,2021-03-18 18:45:05,食品酒水,晚餐,,港币,HKD,125.00,,,,
支出,2021-03-18 08:20:01,食品酒水,饮料酒水,,港币,HKD,32.00,,,,
支出,2021-03-18 08:02:29,人情费用,请客,,港币,HKD,520.00,,,,
支出,2021-03-17 08:31:50,食品酒水,中餐,,港币,HKD,15.00,老公,公司食堂,,
支出,2021-03-17 08:31:46,食品酒水,早餐,,港币,HKD,10.00,老公,公司食堂,,
支出,2021-03-17 08:31:34,行车交通,加油,,港币,HKD,400.00,,,,
支出,2021-03-17 08:31:06,购物消费,宠物支出,,人民币,CNY,293.00,,,,
支出,2021-03-16 18:36:31,食品酒水,晚餐,,港币,HKD,104.00,,,,
支出,2021-03-16 15:30:39,购物消费,电子数码,,港币,HKD,10000.00,老公,,换手机，下次是2023年年初了,
支出,2021-03-16 11:16:10,食品酒水,中餐,,港币,HKD,15.00,老公,公司食堂,,
支出,2021-03-15 18:16:13,行车交通,公共交通,,港币,HKD,11.00,,,通勤,
支出,2021-03-15 12:16:52,食品酒水,中餐,,港币,HKD,15.00,老公,公司食堂,,
支出,2021-03-15 12:16:49,食品酒水,早餐,,港币,HKD,10.00,老公,公司食堂,,
支出,2021-03-15 12:16:39,行车交通,违章罚款,,港币,HKD,450.00,,,,
支出,2021-03-15 08:37:57,购物消费,汽车用品,,人民币,CNY,19.90,,,,
支出,2021-03-14 19:59:12,购物消费,家具家电,,人民币,CNY,85.00,,,,
支出,2021-03-14 18:18:47,食品酒水,买菜,,港币,HKD,105.00,,,,
支出,2021-03-14 16:42:47,食品酒水,下午茶,,港币,HKD,60.00,,,,
支出,2021-03-14 14:30:46,购物消费,植物花卉,,港币,HKD,80.00,,,,
支出,2021-03-14 12:48:30,食品酒水,饮料酒水,,港币,HKD,53.00,,,,
支出,2021-03-14 11:18:32,食品酒水,买菜,,港币,HKD,736.00,,,,
支出,2021-03-13 14:30:24,食品酒水,中餐,,港币,HKD,120.00,,,聚会,
支出,2021-03-13 14:30:07,食品酒水,下午茶,,港币,HKD,85.00,,,,
支出,2021-03-13 14:29:55,食品酒水,晚餐,,港币,HKD,110.00,,,,
支出,2021-03-13 14:29:55,行车交通,停车,,港币,HKD,110.00,,,,
支出,2021-03-12 19:37:05,购物消费,宠物口粮,,人民币,CNY,827.00,,,,
支出,2021-03-12 17:41:42,食品酒水,晚餐,,港币,HKD,112.00,,,,
支出,2021-03-11 19:54:38,购物消费,衣裤鞋帽,,人民币,CNY,188.00,老公,,,
支出,2021-03-11 19:53:49,购物消费,衣裤鞋帽,,人民币,CNY,455.00,,,,
支出,2021-03-11 19:53:23,购物消费,宠物支出,,人民币,CNY,110.00,,,,
支出,2021-03-11 19:52:35,食品酒水,饮料酒水,,港币,HKD,77.00,,,,
支出,2021-03-11 19:52:26,购物消费,运动器械,,港币,HKD,818.00,,,,
支出,2021-03-11 13:29:45,居家生活,燃气费,,港币,HKD,665.00,,,,
支出,2021-03-10 20:27:08,食品酒水,中餐,,港币,HKD,61.00,,,,
支出,2021-03-10 18:31:35,食品酒水,晚餐,,港币,HKD,112.00,,,,
支出,2021-03-10 15:11:54,居家生活,快递费,,人民币,CNY,33.00,,,,
支出,2021-03-10 08:28:24,食品酒水,早餐,,港币,HKD,11.50,,,,
支出,2021-03-09 22:58:52,行车交通,加油,,港币,HKD,1020.00,,,,
支出,2021-03-09 20:27:00,食品酒水,晚餐,,港币,HKD,50.50,,,,
支出,2021-03-08 23:05:01,购物消费,电子数码,,人民币,CNY,61.00,,,,
支出,2021-03-08 16:37:54,食品酒水,下午茶,,港币,HKD,29.00,,,,
支出,2021-03-08 10:15:50,购物消费,宠物支出,,人民币,CNY,320.00,,,,
支出,2021-03-07 17:34:16,食品酒水,买菜,,港币,HKD,186.00,,,,
支出,2021-03-06 22:52:31,购物消费,超市购物,,人民币,CNY,240.00,,,,
支出,2021-03-06 22:08:12,食品酒水,晚餐,,港币,HKD,151.00,,,,
支出,2021-03-06 22:07:53,购物消费,家具家电,,港币,HKD,1943.00,,,抽湿机,
支出,2021-03-06 22:07:47,食品酒水,买菜,,港币,HKD,96.00,,,,
支出,2021-03-04 22:08:00,食品酒水,晚餐,,港币,HKD,195.00,,,外卖一起,
支出,2021-03-04 14:57:27,食品酒水,饮料酒水,,港币,HKD,14.00,老公,公司食堂,,
支出,2021-03-04 12:34:17,食品酒水,中餐,,港币,HKD,15.00,老公,公司食堂,,
支出,2021-03-03 22:08:20,食品酒水,晚餐,,港币,HKD,46.00,,,宵夜,
支出,2021-03-03 16:24:47,休闲娱乐,游戏,,人民币,CNY,45.00,,,,
支出,2021-03-03 16:24:06,食品酒水,中餐,,港币,HKD,15.00,老公,公司食堂,,
支出,2021-03-03 16:24:02,食品酒水,早餐,,港币,HKD,10.00,老公,公司食堂,,
支出,2021-03-03 14:15:15,食品酒水,饮料酒水,,港币,HKD,18.20,,,,
支出,2021-03-02 14:59:45,居家生活,快递费,,人民币,CNY,43.00,,,,
支出,2021-03-02 13:24:19,食品酒水,中餐,,港币,HKD,15.00,老公,公司食堂,,
支出,2021-03-02 06:24:11,食品酒水,早餐,,港币,HKD,10.00,老公,公司食堂,,
支出,2021-03-01 21:45:20,行车交通,过路费,,港币,HKD,8.00,,,,
支出,2021-03-01 21:45:16,食品酒水,中餐,,港币,HKD,15.00,老公,公司食堂,,
支出,2021-03-01 21:45:12,食品酒水,早餐,,港币,HKD,10.00,老公,公司食堂,,
支出,2021-03-01 21:45:11,购物消费,电子数码,,人民币,CNY,340.00,老公,,,
支出,2021-02-28 23:49:36,食品酒水,饮料酒水,,港币,HKD,57.00,,,烟,
支出,2021-02-28 23:49:32,食品酒水,买菜,,港币,HKD,12.00,,,,
收入,2021-02-28 21:45:29,职业收入,工资收入,,港币,HKD,24000.00,,,,
支出,2021-02-28 20:04:15,食品酒水,买菜,,港币,HKD,17.00,,,,
支出,2021-02-28 19:06:19,食品酒水,晚餐,,港币,HKD,125.00,,,,
支出,2021-02-28 15:26:55,购物消费,衣裤鞋帽,,人民币,CNY,347.00,老婆,,,
支出,2021-02-28 15:26:44,购物消费,衣裤鞋帽,,人民币,CNY,159.00,老公,,,
支出,2021-02-28 15:26:32,食品酒水,中餐,,港币,HKD,123.00,,,,
支出,2021-02-28 15:26:07,购物消费,衣裤鞋帽,,人民币,CNY,319.00,老公,,,
支出,2021-02-26 14:43:57,食品酒水,中餐,,港币,HKD,32.00,,,,
支出,2021-02-25 20:02:21,行车交通,公共交通,,港币,HKD,44.00,,,,
支出,2021-02-25 20:02:10,行车交通,停车,,港币,HKD,24.00,,,,
支出,2021-02-25 19:06:46,购物消费,超市购物,,港币,HKD,311.80,,,,
支出,2021-02-25 19:06:38,食品酒水,晚餐,,港币,HKD,112.00,,,,
支出,2021-02-25 17:42:24,食品酒水,中餐,,港币,HKD,15.00,老公,公司食堂,,
支出,2021-02-25 17:42:18,食品酒水,早餐,,港币,HKD,10.00,老公,公司食堂,,
支出,2021-02-25 17:42:13,行车交通,过路费,,港币,HKD,8.00,,,,
收入,2021-02-24 21:15:06,职业收入,工资收入,,港币,HKD,63000.00,,,,
支出,2021-02-24 21:14:56,食品酒水,晚餐,,港币,HKD,137.00,,,,
支出,2021-02-24 09:40:08,食品酒水,中餐,,港币,HKD,15.00,老公,公司食堂,,
支出,2021-02-24 09:39:54,行车交通,过路费,,港币,HKD,8.00,,,,
支出,2021-02-24 09:39:38,食品酒水,早餐,,港币,HKD,10.00,老公,公司食堂,,
支出,2021-02-23 16:46:05,购物消费,衣裤鞋帽,,人民币,CNY,395.00,,,,
支出,2021-02-23 09:39:41,食品酒水,早餐,,港币,HKD,10.00,老公,公司食堂,,
支出,2021-02-22 18:30:37,食品酒水,买菜,,港币,HKD,53.30,,,,
支出,2021-02-22 09:40:12,食品酒水,中餐,,港币,HKD,15.00,老公,公司食堂,,
支出,2021-02-22 09:39:45,食品酒水,早餐,,港币,HKD,50.00,,,,
支出,2021-02-21 22:01:57,购物消费,包,,人民币,CNY,15800.00,,,,
支出,2021-02-21 11:43:17,食品酒水,中餐,,港币,HKD,78.00,,,,
支出,2021-02-20 22:22:16,食品酒水,中餐,,港币,HKD,135.00,,,,
支出,2021-02-20 22:22:01,行车交通,过路费,,港币,HKD,19.00,,,,
支出,2021-02-20 22:21:40,购物消费,玩具,,港币,HKD,19.90,,,綠巨人,
支出,2021-02-20 22:21:23,行车交通,公共交通,,港币,HKD,7.50,,,,
支出,2021-02-20 10:13:28,食品酒水,早餐,,港币,HKD,27.00,,,,
支出,2021-02-20 10:13:17,行车交通,公共交通,,港币,HKD,6.10,,,,
支出,2021-02-19 19:57:37,食品酒水,晚餐,,港币,HKD,217.00,,,,
支出,2021-02-19 17:20:42,行车交通,公共交通,,港币,HKD,15.90,,,,
支出,2021-02-19 14:43:35,食品酒水,中餐,,港币,HKD,15.00,老公,公司食堂,,
支出,2021-02-19 14:43:31,食品酒水,早餐,,港币,HKD,10.00,老公,公司食堂,,
收入,2021-02-19 14:43:19,其他收入,carpooll,,港币,HKD,40.00,,,,
支出,2021-02-18 23:28:44,行车交通,加油,,港币,HKD,300.00,,,,
支出,2021-02-18 20:46:46,购物消费,超市购物,,港币,HKD,294.00,,,,
支出,2021-02-18 20:46:39,食品酒水,晚餐,,港币,HKD,56.00,,,,
支出,2021-02-18 20:46:31,食品酒水,晚餐,,港币,HKD,45.00,,,,
支出,2021-02-18 16:59:55,行车交通,过路费,,港币,HKD,8.00,,,,
支出,2021-02-18 16:59:53,食品酒水,中餐,,港币,HKD,15.00,默认,,,
支出,2021-02-16 21:26:18,食品酒水,晚餐,,港币,HKD,8.20,,,,
支出,2021-02-16 14:38:27,食品酒水,饮料酒水,,港币,HKD,14.00,,,,
支出,2021-02-16 14:38:22,食品酒水,中餐,,港币,HKD,15.00,默认,,,
支出,2021-02-16 08:12:16,食品酒水,早餐,,港币,HKD,32.50,,,,
支出,2021-02-15 22:59:17,食品酒水,买菜,,港币,HKD,1227.00,,,,
支出,2021-02-15 20:09:42,行车交通,加油,,港币,HKD,300.00,,,,
支出,2021-02-15 19:47:01,食品酒水,饮料酒水,,港币,HKD,189.00,,,烟,
支出,2021-02-15 10:27:06,食品酒水,早餐,,港币,HKD,35.00,,,,
支出,2021-02-14 20:41:35,购物消费,玩具,,港币,HKD,420.00,,,,
支出,2021-02-14 20:41:21,食品酒水,饮料酒水,,港币,HKD,15.00,,,,
支出,2021-02-14 20:41:13,食品酒水,饮料酒水,,港币,HKD,36.00,,,冰淇淋,
支出,2021-02-14 20:40:43,行车交通,过路费,,港币,HKD,3.00,,,,
支出,2021-02-14 20:40:30,食品酒水,中餐,,港币,HKD,98.00,,,,
支出,2021-02-14 20:40:08,行车交通,停车,,港币,HKD,18.00,,,,
收入,2021-02-13 11:36:45,其他收入,carpooll,,港币,HKD,80.00,,,,
支出,2021-02-13 11:36:28,行车交通,加油,,港币,HKD,200.00,,,,
支出,2021-02-13 11:35:49,食品酒水,饮料酒水,,港币,HKD,33.00,,,奶茶,
支出,2021-02-12 20:35:29,食品酒水,晚餐,,港币,HKD,234.00,,,,
支出,2021-02-12 19:35:40,食品酒水,晚餐,,港币,HKD,50.00,,,,
支出,2021-02-12 15:36:10,食品酒水,买菜,,港币,HKD,113.60,,,,
支出,2021-02-11 21:13:31,人情费用,孝敬长辈,,港币,HKD,13332.00,,,,
支出,2021-02-11 21:13:26,食品酒水,饮料酒水,,港币,HKD,8.80,,,,
支出,2021-02-11 21:13:21,食品酒水,早餐,,港币,HKD,5.00,,,,
支出,2021-02-11 21:13:09,食品酒水,中餐,,港币,HKD,15.00,,,,
支出,2021-02-10 20:20:05,购物消费,超市购物,,港币,HKD,30.00,,,卡套,
支出,2021-02-10 20:18:53,人情费用,送礼表示,,港币,HKD,24.00,,,,
支出,2021-02-10 20:18:46,食品酒水,晚餐,,港币,HKD,116.00,,,,
支出,2021-02-10 15:06:58,食品酒水,饮料酒水,,港币,HKD,14.00,,,,
支出,2021-02-10 15:06:53,食品酒水,中餐,,港币,HKD,15.00,默认,,,
支出,2021-02-10 09:22:49,食品酒水,早餐,,港币,HKD,5.00,,,一杯茶,
收入,2021-02-09 15:40:07,其他收入,意外来钱,,港币,HKD,46.00,,,加油返钱,
支出,2021-02-09 07:58:15,食品酒水,中餐,,港币,HKD,15.00,默认,,,
支出,2021-02-09 07:58:02,购物消费,超市购物,,港币,HKD,341.00,,,,
支出,2021-02-09 07:38:22,食品酒水,早餐,,人民币,CNY,22.57,,,,
支出,2021-02-08 14:23:50,食品酒水,饮料酒水,,港币,HKD,14.00,,,,
支出,2021-02-08 14:23:44,食品酒水,中餐,,港币,HKD,15.00,默认,,,
支出,2021-02-08 14:23:40,食品酒水,早餐,,港币,HKD,10.00,默认,,,
支出,2021-02-08 13:12:55,居家生活,电费,,港币,HKD,1008.00,,,,
收入,2021-02-08 00:08:15,其他收入,carpooll,,港币,HKD,100.00,,,,
支出,2021-02-07 12:35:32,食品酒水,中餐,,港币,HKD,98.00,,,,
支出,2021-02-06 19:15:19,食品酒水,中餐,,港币,HKD,130.00,,,,
支出,2021-02-06 19:15:09,行车交通,公共交通,,港币,HKD,11.00,,,,
支出,2021-02-06 19:15:00,行车交通,公共交通,,港币,HKD,15.00,,,,
支出,2021-02-06 19:14:50,行车交通,公共交通,,港币,HKD,19.80,,,,
支出,2021-02-06 17:53:07,居家生活,理发理发,,港币,HKD,500.00,,,,
支出,2021-02-06 16:14:10,交流通讯,手机话费,,港币,HKD,164.00,,,,
支出,2021-02-06 14:41:04,行车交通,公共交通,,港币,HKD,19.80,,,,
支出,2021-02-06 12:33:27,行车交通,公共交通,,港币,HKD,10.20,,,,
支出,2021-02-05 22:31:33,食品酒水,晚餐,,港币,HKD,147.00,,,,
支出,2021-02-05 22:31:30,食品酒水,中餐,,港币,HKD,15.00,默认,,,
支出,2021-02-05 22:31:27,食品酒水,早餐,,港币,HKD,10.00,默认,,,
支出,2021-02-05 22:30:41,购物消费,宠物支出,,港币,HKD,320.00,,,,
支出,2021-02-05 18:14:52,食品酒水,晚餐,,港币,HKD,147.00,,,,
支出,2021-02-04 18:30:54,行车交通,加油,,港币,HKD,400.00,,,,
支出,2021-02-04 18:15:19,行车交通,公共交通,,港币,HKD,35.00,,,,
支出,2021-02-04 18:15:00,居家生活,医疗保险,,港币,HKD,1265.00,,,,
支出,2021-02-04 18:14:42,交流通讯,手机话费,,港币,HKD,156.00,,,,
支出,2021-02-04 10:40:58,食品酒水,中餐,,港币,HKD,15.00,默认,,,
支出,2021-02-04 10:40:54,食品酒水,早餐,,港币,HKD,10.00,默认,,,
支出,2021-02-03 23:20:43,购物消费,超市购物,,人民币,CNY,307.00,,,天猫超市,
支出,2021-02-03 22:38:39,食品酒水,晚餐,,港币,HKD,45.00,,,,
支出,2021-02-03 22:38:31,食品酒水,饮料酒水,,港币,HKD,60.00,,,烟,
支出,2021-02-03 22:38:26,食品酒水,晚餐,,港币,HKD,19.00,,,,
支出,2021-02-03 22:37:51,购物消费,超市购物,,港币,HKD,300.00,,,,
支出,2021-02-03 22:37:46,食品酒水,晚餐,,港币,HKD,54.00,,,,
支出,2021-02-03 15:51:00,食品酒水,饮料酒水,,港币,HKD,14.00,,,,
支出,2021-02-03 09:10:59,食品酒水,中餐,,港币,HKD,15.00,默认,,,
支出,2021-02-03 09:10:55,食品酒水,早餐,,港币,HKD,10.00,默认,,,
支出,2021-02-02 16:00:06,食品酒水,中餐,,港币,HKD,17.00,,,,
支出,2021-02-02 15:07:41,食品酒水,中餐,,港币,HKD,15.00,默认,,,
支出,2021-02-01 19:36:15,居家生活,快递费,,港币,HKD,23.00,,,,
支出,2021-02-01 12:12:14,食品酒水,中餐,,港币,HKD,15.00,默认,,,
支出,2021-02-01 12:12:04,食品酒水,早餐,,港币,HKD,10.00,默认,,,
支出,2021-01-31 17:10:18,购物消费,超市购物,,港币,HKD,106.00,,,学校超市,
支出,2021-01-30 13:47:13,行车交通,停车,,港币,HKD,14.00,,,,
支出,2021-01-30 12:32:16,食品酒水,中餐,,港币,HKD,58.00,,,,
支出,2021-01-29 13:43:45,食品酒水,中餐,,港币,HKD,15.00,默认,,,
支出,2021-01-28 22:03:27,食品酒水,晚餐,,港币,HKD,45.00,,,,
支出,2021-01-28 22:03:09,购物消费,超市购物,,港币,HKD,315.80,,,,
支出,2021-01-28 22:02:40,购物消费,宠物支出,,港币,HKD,3200.00,,,小方到你了,
支出,2021-01-28 21:58:38,行车交通,加油,,港币,HKD,400.00,,,,
支出,2021-01-28 18:07:27,食品酒水,晚餐,,港币,HKD,45.00,,,,
支出,2021-01-28 12:22:34,行车交通,停车,,港币,HKD,4.00,,,,
支出,2021-01-28 12:21:53,行车交通,公共交通,,港币,HKD,69.20,,,,
收入,2021-01-28 10:41:01,职业收入,工资收入,,港币,HKD,24000.00,,,,
支出,2021-01-28 10:38:45,食品酒水,早餐,,港币,HKD,26.50,,,,
支出,2021-01-28 10:37:13,居家生活,医疗保险,,港币,HKD,21.00,,,,
收入,2021-01-28 10:36:46,职业收入,工资收入,,港币,HKD,62998.00,,,,
支出,2021-01-27 16:35:04,食品酒水,中餐,,港币,HKD,15.00,默认,,,
支出,2021-01-27 16:35:01,食品酒水,早餐,,港币,HKD,10.00,默认,,,
支出,2021-01-26 10:54:11,购物消费,衣裤鞋帽,,人民币,CNY,139.00,,,,
支出,2021-01-26 10:54:00,购物消费,玩具,,人民币,CNY,36.00,,,,
支出,2021-01-26 10:53:43,购物消费,电子数码,,人民币,CNY,32.00,,,,
支出,2021-01-26 10:53:33,购物消费,超市购物,,人民币,CNY,234.00,,,,
支出,2021-01-26 09:38:32,食品酒水,早餐,,港币,HKD,10.00,默认,,,
支出,2021-01-25 14:44:31,食品酒水,饮料酒水,,港币,HKD,14.00,,,,
支出,2021-01-25 14:44:12,食品酒水,中餐,,港币,HKD,15.00,默认,,,
支出,2021-01-23 23:36:59,食品酒水,饮料酒水,,港币,HKD,72.00,,,烟,
支出,2021-01-23 13:16:36,购物消费,超市购物,,港币,HKD,53.00,,,体温计,
支出,2021-01-23 12:42:12,食品酒水,中餐,,港币,HKD,122.00,,,,
支出,2021-01-22 21:12:57,行车交通,加油,,港币,HKD,400.00,,,,
支出,2021-01-22 21:12:44,食品酒水,晚餐,,港币,HKD,67.00,,,,
支出,2021-01-22 21:12:34,食品酒水,晚餐,,港币,HKD,26.00,,,,
支出,2021-01-22 21:11:50,购物消费,超市购物,,港币,HKD,206.00,,,百佳,
支出,2021-01-22 14:56:10,食品酒水,饮料酒水,,港币,HKD,14.00,,,,
支出,2021-01-22 14:56:06,食品酒水,中餐,,港币,HKD,15.00,默认,,,
支出,2021-01-22 08:04:44,购物消费,珠宝首饰,,人民币,CNY,323.00,,,,
支出,2021-01-22 08:04:15,购物消费,宠物支出,,人民币,CNY,666.00,,,,
支出,2021-01-22 08:03:56,购物消费,超市购物,,人民币,CNY,260.00,,,,
支出,2021-01-22 07:27:49,购物消费,超市购物,,港币,HKD,81.40,,,学校超市,
支出,2021-01-21 14:35:10,食品酒水,饮料酒水,,港币,HKD,14.00,,,,
支出,2021-01-21 10:35:00,食品酒水,早餐,,港币,HKD,10.00,默认,,,
支出,2021-01-20 16:42:13,食品酒水,中餐,,港币,HKD,15.00,默认,,,
支出,2021-01-19 20:47:05,购物消费,宠物支出,,港币,HKD,380.00,,,过,
支出,2021-01-19 18:33:36,食品酒水,中餐,,港币,HKD,15.00,默认,,,
支出,2021-01-19 12:19:20,食品酒水,早餐,,港币,HKD,10.00,默认,,,
支出,2021-01-18 19:34:03,食品酒水,饮料酒水,,港币,HKD,14.00,,,,
支出,2021-01-18 19:33:59,食品酒水,中餐,,港币,HKD,15.00,默认,,,
支出,2021-01-18 11:57:03,食品酒水,早餐,,港币,HKD,10.00,默认,,,
支出,2021-01-18 08:32:35,食品酒水,早餐,,港币,HKD,27.60,,,,
支出,2021-01-17 12:29:58,食品酒水,买菜,,港币,HKD,51.30,,,,
支出,2021-01-17 12:29:52,食品酒水,中餐,,港币,HKD,102.00,,,,
支出,2021-01-16 20:58:29,购物消费,宠物支出,,港币,HKD,180.00,,,小方,
支出,2021-01-16 18:39:14,行车交通,加油,,港币,HKD,400.00,,,,
支出,2021-01-16 16:34:08,食品酒水,饮料酒水,,港币,HKD,12.50,,,,
支出,2021-01-16 13:33:31,其他杂项,烂账损失,,港币,HKD,15.00,,,,
支出,2021-01-16 13:33:24,食品酒水,中餐,,港币,HKD,187.00,,,,
支出,2021-01-15 20:06:43,食品酒水,晚餐,,港币,HKD,109.00,,,,
支出,2021-01-15 17:09:32,食品酒水,中餐,,港币,HKD,15.00,默认,,,
支出,2021-01-15 17:09:28,食品酒水,早餐,,港币,HKD,10.00,默认,,,
支出,2021-01-15 17:09:11,购物消费,超市购物,,港币,HKD,18.50,,,喷嘴吧的，疼,
支出,2021-01-15 10:23:57,居家生活,快递费,,人民币,CNY,38.00,,,,
支出,2021-01-15 10:14:45,购物消费,超市购物,,人民币,CNY,250.00,,,牛肉干,
支出,2021-01-15 10:14:36,购物消费,电子数码,,人民币,CNY,69.00,,,,
支出,2021-01-14 13:52:46,食品酒水,中餐,,港币,HKD,15.00,默认,,,
支出,2021-01-14 13:52:43,食品酒水,早餐,,港币,HKD,10.00,默认,,,
支出,2021-01-14 10:57:18,食品酒水,买菜,,人民币,CNY,225.00,,,,
支出,2021-01-14 08:49:58,食品酒水,早餐,,港币,HKD,26.00,,,,
支出,2021-01-13 21:30:39,食品酒水,中餐,,港币,HKD,61.00,,,,
支出,2021-01-13 20:53:05,购物消费,宠物支出,,港币,HKD,2920.00,,,过儿,
支出,2021-01-13 11:44:42,购物消费,宠物支出,,人民币,CNY,440.00,,,猫粮,
支出,2021-01-13 00:05:12,购物消费,电子数码,,人民币,CNY,30.50,,,,
支出,2021-01-12 19:22:58,居家生活,水费,,港币,HKD,396.30,,,,
支出,2021-01-12 19:22:46,居家生活,燃气费,,港币,HKD,526.00,,,,
支出,2021-01-12 19:22:27,行车交通,加油,,港币,HKD,400.00,,,,
支出,2021-01-12 16:29:40,购物消费,珠宝首饰,,人民币,CNY,77.50,,,,
支出,2021-01-12 15:01:54,行车交通,加油,,港币,HKD,253.00,,,,
支出,2021-01-12 15:01:21,食品酒水,中餐,,港币,HKD,15.00,默认,,,
支出,2021-01-12 15:01:15,食品酒水,早餐,,港币,HKD,10.00,默认,,,
支出,2021-01-12 14:17:19,食品酒水,中餐,,港币,HKD,31.00,,,,
支出,2021-01-11 19:12:02,购物消费,宠物支出,,港币,HKD,49.00,,,,
支出,2021-01-11 19:11:55,食品酒水,晚餐,,港币,HKD,95.00,,,,
支出,2021-01-11 15:23:55,购物消费,衣裤鞋帽,,人民币,CNY,593.00,,,,
支出,2021-01-11 15:07:30,食品酒水,中餐,,港币,HKD,15.00,默认,,,
支出,2021-01-11 15:07:15,交流通讯,手机话费,,港币,HKD,108.00,,,开卡,
支出,2021-01-11 12:43:51,食品酒水,中餐,,港币,HKD,36.00,,,,
支出,2021-01-11 08:28:31,食品酒水,早餐,,港币,HKD,26.50,,,,
支出,2021-01-10 16:58:56,食品酒水,晚餐,,港币,HKD,88.00,,,,
支出,2021-01-10 16:53:16,食品酒水,中餐,,港币,HKD,38.00,,,,
支出,2021-01-10 16:53:02,行车交通,公共交通,,港币,HKD,19.00,,,,
支出,2021-01-10 16:52:56,行车交通,停车,,港币,HKD,30.00,,,,
支出,2021-01-09 22:30:27,居家生活,快递费,,人民币,CNY,142.00,,,,
收入,2021-01-09 16:50:46,职业收入,兼职收入,,港币,HKD,500.00,,,外包,
支出,2021-01-09 16:49:09,购物消费,宠物支出,,港币,HKD,1000.00,,,大过，,
支出,2021-01-08 21:12:25,食品酒水,晚餐,,港币,HKD,110.00,,,米线阵,
支出,2021-01-08 16:56:48,食品酒水,中餐,,港币,HKD,15.00,默认,,,
支出,2021-01-08 16:56:40,食品酒水,早餐,,港币,HKD,10.00,默认,,,
支出,2021-01-08 10:44:07,食品酒水,早餐,,港币,HKD,26.00,,,,
支出,2021-01-08 00:12:55,休闲娱乐,游戏,,港币,HKD,119.00,,,,
支出,2021-01-07 14:25:04,食品酒水,中餐,,港币,HKD,15.00,默认,,,
支出,2021-01-07 14:25:01,食品酒水,早餐,,港币,HKD,10.00,默认,,,
支出,2021-01-07 09:35:26,食品酒水,早餐,,港币,HKD,16.00,,,,
支出,2021-01-06 21:08:44,购物消费,衣裤鞋帽,,人民币,CNY,149.00,老公,,,
支出,2021-01-06 20:53:08,食品酒水,饮料酒水,,港币,HKD,9.50,,,,
支出,2021-01-06 19:35:53,食品酒水,中餐,,港币,HKD,61.00,,,少奶奶,
支出,2021-01-06 18:02:26,购物消费,玩具,,人民币,CNY,255.00,,,,
支出,2021-01-06 14:17:28,休闲娱乐,聚会,,人民币,CNY,465.00,,,,
支出,2021-01-06 14:16:38,购物消费,玩具,,人民币,CNY,96.50,,,,
支出,2021-01-06 09:11:25,食品酒水,饮料酒水,,港币,HKD,60.00,,,,
支出,2021-01-06 09:11:23,食品酒水,中餐,,港币,HKD,15.00,默认,,,
支出,2021-01-06 09:11:19,食品酒水,早餐,,港币,HKD,10.00,默认,,,
支出,2021-01-05 22:19:55,购物消费,家具家电,,人民币,CNY,161.00,,,,
支出,2021-01-05 14:19:11,食品酒水,饮料酒水,,港币,HKD,5.00,,,,
支出,2021-01-05 14:19:09,食品酒水,中餐,,港币,HKD,15.00,默认,,,
支出,2021-01-04 20:52:36,食品酒水,买菜,,人民币,CNY,236.50,,,,
支出,2021-01-04 17:47:59,其他杂项,税,,港币,HKD,163814.00,,,,
支出,2021-01-04 15:29:34,行车交通,加油,,港币,HKD,380.00,,,,
支出,2021-01-04 00:46:29,行车交通,过路费,,港币,HKD,11.00,,,,
支出,2021-01-04 00:46:15,行车交通,停车,,港币,HKD,44.00,,,,
支出,2021-01-03 21:07:16,购物消费,玩具,,人民币,CNY,208.00,,,猫玩的,
支出,2021-01-03 21:05:46,购物消费,超市购物,,人民币,CNY,83.00,,,杯子,
支出,2021-01-03 21:04:34,购物消费,家具家电,,人民币,CNY,148.00,,,咖啡磨豆机,
支出,2021-01-03 12:24:39,交流通讯,手机话费,,港币,HKD,166.00,,,,
支出,2021-01-02 16:50:59,食品酒水,晚餐,,港币,HKD,51.00,,,,
支出,2021-01-01 21:34:55,购物消费,超市购物,,港币,HKD,65.00,,,厨房用具,
支出,2021-01-01 21:34:18,食品酒水,晚餐,,港币,HKD,191.40,,,快乐元旦睡一天,
支出,2021-01-01 11:03:37,交流通讯,手机话费,,港币,HKD,156.00,,,,
支出,2020-12-31 14:05:04,食品酒水,中餐,,港币,HKD,15.00,默认,,,
支出,2020-12-31 14:05:00,食品酒水,早餐,,港币,HKD,10.00,默认,,,
支出,2020-12-31 14:04:42,食品酒水,饮料酒水,,港币,HKD,42.00,,,昨天，今天，和请了鲁大师,
支出,2020-12-30 14:36:42,食品酒水,饮料酒水,,港币,HKD,6.50,默认,,,
支出,2020-12-30 12:08:42,食品酒水,中餐,,港币,HKD,15.00,默认,,,
支出,2020-12-30 12:08:39,食品酒水,早餐,,港币,HKD,10.00,默认,,,
支出,2020-12-29 11:50:17,食品酒水,中餐,,港币,HKD,220.00,,,,
支出,2020-12-29 09:22:08,食品酒水,中餐,,港币,HKD,15.00,默认,,,
支出,2020-12-29 09:22:01,食品酒水,早餐,,港币,HKD,10.00,默认,,,
支出,2020-12-28 22:24:42,食品酒水,饮料酒水,,港币,HKD,55.00,,,,
支出,2020-12-28 11:38:16,食品酒水,中餐,,港币,HKD,112.00,,,,
支出,2020-12-28 08:28:24,食品酒水,早餐,,港币,HKD,36.50,,,,
支出,2020-12-27 22:29:22,居家生活,快递费,,人民币,CNY,440.00,,,,
支出,2020-12-26 12:08:42,食品酒水,买菜,,港币,HKD,87.60,,,,
支出,2020-12-26 11:06:42,人情费用,孝敬长辈,,人民币,CNY,1280.00,,,,
支出,2020-12-26 11:06:37,食品酒水,买菜,,人民币,CNY,85.00,,,,
支出,2020-12-25 18:39:03,行车交通,加油,,港币,HKD,400.00,,,,
支出,2020-12-25 17:23:01,休闲娱乐,聚会,,港币,HKD,428.00,,,"爬山, 千岛湖",
支出,2020-12-25 17:22:37,食品酒水,晚餐,,港币,HKD,174.00,,,,
支出,2020-12-25 17:22:32,食品酒水,中餐,,港币,HKD,201.00,,,,
收入,2020-12-25 11:35:10,职业收入,工资收入,,港币,HKD,34372.00,,,,
收入,2020-12-25 11:34:55,职业收入,工资收入,,港币,HKD,63000.00,,,,
支出,2020-12-23 17:30:41,食品酒水,早餐,,港币,HKD,60.00,,,,
支出,2020-12-23 17:30:40,购物消费,运动器械,,人民币,CNY,128.00,,,,
支出,2020-12-23 17:30:25,购物消费,衣裤鞋帽,,港币,HKD,818.00,,,登山鞋 我和媳妇,
支出,2020-12-23 00:00:12,购物消费,衣裤鞋帽,,人民币,CNY,316.00,,,,
支出,2020-12-22 09:01:30,食品酒水,早餐,,港币,HKD,41.00,,,,
支出,2020-12-21 18:08:00,食品酒水,买菜,,港币,HKD,55.40,,,,
支出,2020-12-21 12:33:03,食品酒水,买菜,,人民币,CNY,243.50,,,,
支出,2020-12-21 09:01:43,购物消费,电子数码,,人民币,CNY,128.00,老公,,,
支出,2020-12-21 08:15:49,食品酒水,早餐,,港币,HKD,45.00,,,,
支出,2020-12-19 17:31:29,食品酒水,买菜,,人民币,CNY,151.00,,,,
支出,2020-12-19 17:22:03,食品酒水,饮料酒水,,港币,HKD,10.00,,,,
支出,2020-12-19 17:21:48,购物消费,衣裤鞋帽,,人民币,CNY,170.00,,,,
支出,2020-12-19 17:21:33,食品酒水,中餐,,港币,HKD,169.00,,,,
支出,2020-12-19 17:21:15,行车交通,公共交通,,港币,HKD,32.00,,,,
支出,2020-12-19 11:50:16,行车交通,地铁,,港币,HKD,42.00,,,,
支出,2020-12-18 19:58:47,食品酒水,中餐,,港币,HKD,35.00,,,,
支出,2020-12-18 19:58:37,食品酒水,饮料酒水,,港币,HKD,14.00,,,,
支出,2020-12-18 19:58:33,食品酒水,中餐,,港币,HKD,15.00,默认,,,
支出,2020-12-18 19:58:30,食品酒水,早餐,,港币,HKD,10.00,默认,,,
支出,2020-12-17 21:52:46,行车交通,加油,,港币,HKD,600.00,,,,
支出,2020-12-17 21:52:29,食品酒水,晚餐,,港币,HKD,109.00,,,下午茶,
支出,2020-12-17 21:52:22,食品酒水,早餐,,港币,HKD,25.00,,,,
支出,2020-12-15 08:58:09,购物消费,超市购物,,港币,HKD,27.00,,,,
支出,2020-12-15 08:37:48,食品酒水,早餐,,港币,HKD,43.50,,,,
支出,2020-12-14 20:59:20,食品酒水,早餐,,港币,HKD,28.00,,,,
支出,2020-12-14 20:59:08,购物消费,宠物支出,,人民币,CNY,260.00,,,,
支出,2020-12-13 21:22:25,购物消费,家居饰品,,人民币,CNY,250.00,,,,
支出,2020-12-13 19:57:06,医疗教育,治疗费,,港币,HKD,70.00,老公,,烟,
支出,2020-12-13 19:56:50,食品酒水,买菜,,港币,HKD,56.60,,,,
支出,2020-12-13 18:06:49,食品酒水,买菜,,人民币,CNY,69.73,,,,
支出,2020-12-12 21:51:06,食品酒水,柴米油盐,,人民币,CNY,268.00,,,,
支出,2020-12-12 21:50:47,购物消费,宠物支出,,人民币,CNY,256.00,,,,
支出,2020-12-12 20:00:52,人情费用,孝敬长辈,,人民币,CNY,570.00,,,,
支出,2020-12-12 20:00:29,购物消费,衣裤鞋帽,,人民币,CNY,270.00,,,,
支出,2020-12-12 13:50:26,食品酒水,饮料酒水,,港币,HKD,8.50,,,,
支出,2020-12-12 13:50:20,食品酒水,中餐,,港币,HKD,122.00,,,,
支出,2020-12-11 18:08:49,食品酒水,买菜,,港币,HKD,28.70,,,,
支出,2020-12-11 08:32:05,食品酒水,早餐,,港币,HKD,25.00,,,,
支出,2020-12-11 08:28:10,食品酒水,早餐,,港币,HKD,16.00,,,,
支出,2020-12-10 22:21:49,购物消费,厨房用品,,人民币,CNY,202.00,,,,
支出,2020-12-10 21:33:45,购物消费,电子数码,,人民币,CNY,190.00,,,,
支出,2020-12-10 21:12:58,购物消费,珠宝首饰,,人民币,CNY,229.00,,,,
支出,2020-12-10 21:12:34,购物消费,日常用品,,人民币,CNY,81.00,,,,
支出,2020-12-10 21:12:11,购物消费,宠物支出,,人民币,CNY,238.00,,,,
支出,2020-12-10 16:03:28,购物消费,家居饰品,,人民币,CNY,108.00,,,,
支出,2020-12-10 16:03:12,购物消费,厨房用品,,人民币,CNY,111.00,,,,
支出,2020-12-10 16:02:49,购物消费,家具家电,,人民币,CNY,450.00,老公,,桌子,
支出,2020-12-10 16:02:21,购物消费,家具家电,,人民币,CNY,129.00,,,,
支出,2020-12-10 16:01:46,购物消费,宠物支出,,人民币,CNY,561.00,,,,
支出,2020-12-10 16:01:09,食品酒水,柴米油盐,,人民币,CNY,566.00,,,,
支出,2020-12-10 16:00:35,购物消费,珠宝首饰,,人民币,CNY,449.00,,,眼镜,
支出,2020-12-10 15:59:52,购物消费,家具家电,,人民币,CNY,828.00,,,窗帘,
支出,2020-12-10 15:59:30,购物消费,家具家电,,人民币,CNY,1074.00,老公,,咖啡机,
支出,2020-12-10 15:40:44,食品酒水,买菜,,港币,HKD,66.00,,,,
支出,2020-12-10 15:15:53,食品酒水,买菜,,人民币,CNY,297.00,,,,
支出,2020-12-10 15:15:26,食品酒水,中餐,,港币,HKD,41.00,,,,
支出,2020-12-09 08:05:14,食品酒水,早餐,,港币,HKD,51.50,,,,
支出,2020-12-07 21:41:43,购物消费,家具家电,,人民币,CNY,269.00,,,,
支出,2020-12-07 15:51:56,购物消费,衣裤鞋帽,,人民币,CNY,744.00,,,,
支出,2020-12-07 15:51:39,购物消费,家具家电,,人民币,CNY,270.00,,,,
支出,2020-12-06 21:52:40,食品酒水,饮料酒水,,港币,HKD,15.00,,,红牛,
支出,2020-12-06 12:32:13,食品酒水,买菜,,港币,HKD,19.80,,,,
支出,2020-12-06 12:32:07,食品酒水,中餐,,港币,HKD,41.00,,,,
支出,2020-12-06 11:52:06,居家生活,电费,,港币,HKD,842.00,,,,
支出,2020-12-05 21:55:25,交流通讯,手机话费,,港币,HKD,322.00,,,,
支出,2020-12-05 21:22:14,人情费用,孝敬长辈,,人民币,CNY,529.00,,,,
支出,2020-12-05 21:18:00,人情费用,孝敬长辈,,人民币,CNY,510.00,,,,
支出,2020-12-05 21:16:04,食品酒水,买菜,,人民币,CNY,23.00,,,,
支出,2020-12-05 19:10:50,食品酒水,买菜,,人民币,CNY,68.60,,,,
支出,2020-12-04 13:44:46,食品酒水,零食,,港币,HKD,36.00,,,蛋挞冰淇淋,
支出,2020-12-04 13:44:28,购物消费,超市购物,,港币,HKD,500.00,,,,
支出,2020-12-03 16:31:28,食品酒水,早餐,,港币,HKD,10.00,,,,
支出,2020-12-03 16:31:19,食品酒水,中餐,,港币,HKD,20.00,,,,
支出,2020-12-02 16:02:28,食品酒水,早餐,,港币,HKD,35.00,,,,
支出,2020-12-01 13:32:46,食品酒水,中餐,,港币,HKD,85.00,,,,
支出,2020-12-01 09:32:21,食品酒水,早餐,,港币,HKD,49.00,,,,
支出,2020-11-30 17:02:29,食品酒水,中餐,,港币,HKD,35.00,,,,
支出,2020-11-29 19:37:23,食品酒水,买菜,,港币,HKD,301.00,,,,
支出,2020-11-29 13:15:54,人情费用,请客,,港币,HKD,327.00,,,,
支出,2020-11-28 23:38:38,食品酒水,买菜,,人民币,CNY,101.00,,,,
余额变更,2020-11-28 22:36:21,,,,港币,HKD,357168.00,,,,
收入,2020-11-28 22:22:16,职业收入,工资收入,,港币,HKD,63000.00,,,,
收入,2020-11-28 22:22:08,职业收入,工资收入,,港币,HKD,24000.00,,,,
支出,2020-11-28 20:54:35,行车交通,加油,,港币,HKD,500.00,,,,
支出,2020-11-28 14:25:03,购物消费,衣裤鞋帽,,人民币,CNY,452.00,老公,,,
支出,2020-11-28 14:24:35,购物消费,宠物支出,,港币,HKD,180.00,,,,
支出,2020-11-28 14:24:28,食品酒水,买菜,,港币,HKD,39.90,,,,
支出,2020-11-27 20:54:16,食品酒水,中餐,,港币,HKD,50.00,,,,
支出,2020-11-26 12:39:53,食品酒水,中餐,,港币,HKD,44.50,,,,
支出,2020-11-26 09:28:40,食品酒水,柴米油盐,,人民币,CNY,500.00,,,,
支出,2020-11-26 09:28:33,食品酒水,买菜,,人民币,CNY,100.00,,,,
支出,2020-11-25 23:39:31,食品酒水,饮料酒水,,港币,HKD,126.00,,,,
支出,2020-11-25 23:39:25,食品酒水,早餐,,港币,HKD,20.00,,,两天的,
支出,2020-11-25 23:39:17,食品酒水,中餐,,港币,HKD,30.00,,,两天的,
支出,2020-11-25 09:09:22,食品酒水,早餐,,港币,HKD,31.00,,,,
支出,2020-11-23 14:38:28,食品酒水,饮料酒水,,港币,HKD,14.00,,,,
支出,2020-11-23 14:38:23,食品酒水,中餐,,港币,HKD,15.00,默认,,,
支出,2020-11-23 14:38:20,食品酒水,早餐,,港币,HKD,10.00,默认,,,
支出,2020-11-23 12:33:38,食品酒水,中餐,,港币,HKD,38.50,,,,
支出,2020-11-22 20:40:35,食品酒水,买菜,,港币,HKD,13.00,,,,
支出,2020-11-22 20:40:06,居家生活,快递费,,人民币,CNY,28.00,,,,
支出,2020-11-21 23:33:24,购物消费,衣裤鞋帽,,港币,HKD,667.00,,,,
支出,2020-11-21 23:31:59,食品酒水,外出美食,,港币,HKD,116.00,,,,
支出,2020-11-21 23:31:42,食品酒水,买菜,,港币,HKD,59.00,,,惠康,
支出,2020-11-21 20:40:49,购物消费,宠物支出,,港币,HKD,360.00,,,,
支出,2020-11-20 16:06:22,食品酒水,中餐,,港币,HKD,15.00,默认,,,
支出,2020-11-20 16:06:18,食品酒水,早餐,,港币,HKD,10.00,默认,,,
支出,2020-11-20 16:05:45,休闲娱乐,聚会,,港币,HKD,100.00,,,,
支出,2020-11-20 16:05:34,行车交通,加油,,港币,HKD,380.00,,,,
支出,2020-11-19 20:04:50,食品酒水,买菜,,港币,HKD,16.80,,,,
支出,2020-11-19 13:32:21,食品酒水,中餐,,港币,HKD,35.00,,,,
支出,2020-11-19 12:50:59,食品酒水,中餐,,港币,HKD,15.00,默认,,,
支出,2020-11-19 12:50:56,食品酒水,早餐,,港币,HKD,10.00,默认,,,
支出,2020-11-18 12:51:03,食品酒水,中餐,,港币,HKD,15.00,默认,,,
支出,2020-11-17 12:50:49,食品酒水,中餐,,港币,HKD,15.00,默认,,,
支出,2020-11-17 12:50:41,食品酒水,早餐,,港币,HKD,10.00,默认,,,
支出,2020-11-17 11:20:51,食品酒水,买菜,,人民币,CNY,300.00,,,,
支出,2020-11-17 09:05:16,食品酒水,早餐,,港币,HKD,26.00,,,,
支出,2020-11-16 13:33:28,食品酒水,早餐,,港币,HKD,34.00,,,,
支出,2020-11-16 11:28:48,购物消费,衣裤鞋帽,,人民币,CNY,263.00,,,,
支出,2020-11-16 09:42:15,食品酒水,早餐,,港币,HKD,10.00,,,,
支出,2020-11-16 09:42:06,人情费用,请客,,港币,HKD,280.00,,,,
支出,2020-11-15 09:43:05,食品酒水,买菜,,港币,HKD,99.20,,,,
支出,2020-11-14 17:20:51,行车交通,停车,,港币,HKD,51.00,,,,
支出,2020-11-14 17:20:44,行车交通,加油,,港币,HKD,400.00,,,,
支出,2020-11-13 20:08:53,人情费用,红包,,港币,HKD,450.00,,,,
支出,2020-11-13 20:08:46,食品酒水,晚餐,,港币,HKD,365.00,,,,
支出,2020-11-13 17:20:26,食品酒水,中餐,,港币,HKD,60.00,,,,
支出,2020-11-13 13:08:48,食品酒水,早餐,,港币,HKD,28.50,,,,
支出,2020-11-13 12:23:35,食品酒水,早餐,,港币,HKD,10.00,默认,,,
支出,2020-11-12 13:42:30,食品酒水,中餐,,人民币,CNY,39.00,,,,
支出,2020-11-12 12:23:26,食品酒水,中餐,,港币,HKD,15.00,默认,,,
支出,2020-11-12 12:23:21,食品酒水,早餐,,港币,HKD,10.00,默认,,,
支出,2020-11-11 21:12:34,购物消费,宠物支出,,人民币,CNY,142.00,,,,
支出,2020-11-11 21:11:45,人情费用,孝敬长辈,,人民币,CNY,330.00,,,,
支出,2020-11-11 13:55:26,食品酒水,饮料酒水,,港币,HKD,14.00,,,,
支出,2020-11-11 13:55:22,食品酒水,中餐,,港币,HKD,15.00,默认,,,
支出,2020-11-11 13:55:19,食品酒水,早餐,,港币,HKD,10.00,默认,,,
支出,2020-11-11 11:04:29,购物消费,日常用品,,人民币,CNY,262.00,,,,
支出,2020-11-11 10:58:56,购物消费,衣裤鞋帽,,人民币,CNY,110.00,,,,
支出,2020-11-11 10:29:17,购物消费,日常用品,,人民币,CNY,259.00,,,,
支出,2020-11-11 10:28:54,购物消费,电子数码,,人民币,CNY,137.00,,,,
支出,2020-11-11 10:28:40,购物消费,宠物支出,,人民币,CNY,419.00,,,,
支出,2020-11-11 09:37:36,购物消费,衣裤鞋帽,,人民币,CNY,1000.00,,,,
支出,2020-11-10 18:43:45,人情费用,请客,,港币,HKD,15.00,,,qiqi 咖啡,
支出,2020-11-10 18:43:42,食品酒水,饮料酒水,,港币,HKD,14.00,,,,
支出,2020-11-10 18:43:37,食品酒水,中餐,,港币,HKD,15.00,默认,,,
支出,2020-11-10 18:43:33,食品酒水,早餐,,港币,HKD,10.00,默认,,,
支出,2020-11-10 13:40:00,人情费用,孝敬长辈,,人民币,CNY,765.00,,,,
支出,2020-11-10 13:29:55,食品酒水,中餐,,港币,HKD,34.00,,,,
支出,2020-11-09 17:45:40,交流通讯,手机话费,,港币,HKD,156.00,,,,
支出,2020-11-09 16:37:37,居家生活,快递费,,人民币,CNY,81.00,,,,
支出,2020-11-09 15:02:56,食品酒水,中餐,,港币,HKD,30.00,,,,
支出,2020-11-09 15:02:47,居家生活,燃气费,,港币,HKD,372.00,,,,
支出,2020-11-09 13:40:38,食品酒水,饮料酒水,,港币,HKD,14.00,,,,
支出,2020-11-09 13:40:21,食品酒水,中餐,,港币,HKD,15.00,默认,,,
支出,2020-11-09 13:40:17,食品酒水,早餐,,港币,HKD,10.00,默认,,,
支出,2020-11-08 22:16:49,购物消费,家居饰品,,人民币,CNY,96.00,,,,
支出,2020-11-08 16:16:16,食品酒水,买菜,,港币,HKD,107.00,,,,
支出,2020-11-08 13:21:09,行车交通,加油,,港币,HKD,350.00,,,,
支出,2020-11-07 22:28:30,食品酒水,晚餐,,港币,HKD,287.00,,,,
支出,2020-11-06 19:29:57,食品酒水,晚餐,,港币,HKD,135.00,,,,
支出,2020-11-06 15:42:26,食品酒水,早餐,,港币,HKD,14.00,,,"咖啡
",
支出,2020-11-06 15:42:24,食品酒水,中餐,,港币,HKD,15.00,默认,,,
支出,2020-11-06 15:42:17,食品酒水,早餐,,港币,HKD,10.00,默认,,,
支出,2020-11-06 08:06:25,食品酒水,早餐,,港币,HKD,31.00,,,,
支出,2020-11-05 14:20:34,食品酒水,中餐,,港币,HKD,15.00,默认,,,
支出,2020-11-05 14:20:30,食品酒水,早餐,,港币,HKD,10.00,默认,,,
支出,2020-11-05 08:44:32,食品酒水,早餐,,港币,HKD,26.00,,,,
支出,2020-11-04 16:16:55,食品酒水,中餐,,港币,HKD,28.00,,,,
支出,2020-11-04 14:20:44,食品酒水,中餐,,港币,HKD,15.00,默认,,,
支出,2020-11-04 14:20:38,食品酒水,早餐,,港币,HKD,10.00,默认,,,
支出,2020-11-03 16:17:32,居家生活,快递费,,人民币,CNY,61.00,,,,
支出,2020-11-03 16:17:01,购物消费,超市购物,,人民币,CNY,397.00,,,,
支出,2020-11-03 09:04:22,食品酒水,早餐,,港币,HKD,28.00,,,,
支出,2020-11-02 17:18:07,食品酒水,饮料酒水,,港币,HKD,72.00,,,包含一包烟,
支出,2020-11-02 17:17:25,行车交通,过路费,,港币,HKD,30.00,,,,
支出,2020-11-02 17:17:17,行车交通,停车,,港币,HKD,56.00,,,,
支出,2020-11-02 17:16:42,行车交通,加油,,港币,HKD,300.00,,,,
支出,2020-11-02 17:15:30,食品酒水,中餐,,港币,HKD,25.00,,,包含早饭,
支出,2020-11-02 13:50:42,购物消费,家具家电,,人民币,CNY,211.00,,,,
支出,2020-11-02 13:25:20,购物消费,日常用品,,人民币,CNY,76.00,,,,
支出,2020-11-02 13:24:46,居家生活,快递费,,港币,HKD,53.00,,,,
支出,2020-11-02 13:21:29,购物消费,宠物支出,,人民币,CNY,156.00,,,,
支出,2020-11-02 13:20:15,购物消费,日常用品,,人民币,CNY,305.00,,,,
支出,2020-11-01 17:23:05,食品酒水,中餐,,港币,HKD,160.00,,,,
支出,2020-11-01 17:22:20,休闲娱乐,运动,,港币,HKD,580.00,,,看大佛，缆车,
支出,2020-11-01 11:39:13,购物消费,汽车用品,,人民币,CNY,125.00,,,,
支出,2020-11-01 10:38:52,购物消费,清洁用品,,人民币,CNY,275.00,,,,
支出,2020-11-01 08:32:51,购物消费,宠物支出,,人民币,CNY,553.00,,,,
支出,2020-11-01 08:32:23,购物消费,家具家电,,人民币,CNY,141.00,,,,
支出,2020-11-01 00:54:34,购物消费,衣裤鞋帽,,人民币,CNY,1250.00,,,,
支出,2020-11-01 00:54:16,食品酒水,饮料酒水,,人民币,CNY,492.00,,,,
支出,2020-11-01 00:53:45,食品酒水,柴米油盐,,人民币,CNY,560.00,,,,
支出,2020-10-31 22:32:22,食品酒水,饮料酒水,,港币,HKD,6.50,,,,
支出,2020-10-31 22:31:58,食品酒水,晚餐,,港币,HKD,219.00,,,,
支出,2020-10-31 22:31:49,行车交通,公共交通,,港币,HKD,62.00,,,,
支出,2020-10-31 16:18:11,购物消费,美妆护肤,,港币,HKD,800.00,,,理发,
支出,2020-10-31 13:41:53,食品酒水,中餐,,港币,HKD,179.00,,,,
支出,2020-10-30 17:12:29,食品酒水,饮料酒水,,港币,HKD,20.00,,,,
支出,2020-10-30 17:12:06,食品酒水,饮料酒水,,港币,HKD,60.00,,,烟,
支出,2020-10-30 17:12:02,食品酒水,早餐,,港币,HKD,15.00,,,,
支出,2020-10-30 12:45:27,食品酒水,中餐,,港币,HKD,20.00,,,,
支出,2020-10-30 08:40:50,食品酒水,早餐,,港币,HKD,28.50,,,,
支出,2020-10-29 22:44:29,食品酒水,买菜,,人民币,CNY,296.00,,,,
支出,2020-10-29 13:11:32,食品酒水,中餐,,港币,HKD,15.00,,,,
支出,2020-10-29 10:00:41,食品酒水,早餐,,港币,HKD,10.00,,,,
支出,2020-10-28 14:31:58,食品酒水,饮料酒水,,港币,HKD,15.00,,,咖啡,
支出,2020-10-28 14:31:51,食品酒水,中餐,,港币,HKD,15.00,,,,
收入,2020-10-28 13:17:22,职业收入,工资收入,,港币,HKD,63000.00,,,,
收入,2020-10-28 09:26:40,职业收入,工资收入,,港币,HKD,24000.00,,,,
支出,2020-10-27 23:58:59,行车交通,停车,,港币,HKD,15.00,,,,
支出,2020-10-27 23:58:52,食品酒水,晚餐,,港币,HKD,380.00,,,,
支出,2020-10-27 19:19:57,行车交通,加油,,港币,HKD,500.00,,,,
支出,2020-10-27 19:19:36,食品酒水,外出美食,,港币,HKD,100.00,,,古枣蛋糕,
支出,2020-10-27 11:24:35,食品酒水,中餐,,港币,HKD,15.00,,,,
支出,2020-10-27 09:24:41,食品酒水,早餐,,港币,HKD,10.00,,,,
支出,2020-10-26 11:41:30,食品酒水,水果牛奶,,港币,HKD,20.00,,,,
支出,2020-10-26 11:41:12,食品酒水,饮料酒水,,港币,HKD,45.00,,,,
支出,2020-10-26 11:41:03,食品酒水,中餐,,港币,HKD,62.00,,,,
支出,2020-10-26 11:23:45,食品酒水,中餐,,港币,HKD,31.00,,,,
支出,2020-10-25 12:16:50,食品酒水,中餐,,港币,HKD,30.00,,,,
支出,2020-10-25 11:48:59,购物消费,衣裤鞋帽,,人民币,CNY,57.00,,,,
支出,2020-10-25 09:02:26,休闲娱乐,运动,,港币,HKD,231.00,,,,
支出,2020-10-24 12:25:14,食品酒水,中餐,,港币,HKD,132.00,,,,
支出,2020-10-24 12:07:35,购物消费,宠物支出,,人民币,CNY,192.36,,,,
支出,2020-10-23 19:13:59,购物消费,宠物支出,,人民币,CNY,6700.00,,,,
支出,2020-10-23 19:13:49,食品酒水,饮料酒水,,港币,HKD,45.00,,,,
支出,2020-10-23 19:13:42,食品酒水,中餐,,港币,HKD,15.00,,,,
支出,2020-10-23 19:13:35,食品酒水,早餐,,港币,HKD,10.00,,,,
支出,2020-10-22 12:36:39,食品酒水,中餐,,港币,HKD,40.00,,,,
支出,2020-10-22 07:52:18,食品酒水,晚餐,,港币,HKD,15.00,,,,
支出,2020-10-22 07:52:10,食品酒水,中餐,,港币,HKD,15.00,,,,
支出,2020-10-22 07:52:05,食品酒水,早餐,,港币,HKD,10.00,,,,
支出,2020-10-21 15:04:38,食品酒水,中餐,,港币,HKD,24.00,,,,
支出,2020-10-21 10:01:51,食品酒水,柴米油盐,,人民币,CNY,260.00,,,,
支出,2020-10-21 07:51:55,食品酒水,早餐,,港币,HKD,10.00,,,,
支出,2020-10-21 07:51:39,食品酒水,中餐,,港币,HKD,15.00,,,,
支出,2020-10-20 15:25:04,食品酒水,中餐,,港币,HKD,15.00,,,,
支出,2020-10-20 15:24:57,食品酒水,早餐,,港币,HKD,10.00,,,,
支出,2020-10-20 00:47:39,购物消费,衣裤鞋帽,,人民币,CNY,108.00,老公,,,
支出,2020-10-20 00:47:31,食品酒水,买菜,,人民币,CNY,170.10,,,,
支出,2020-10-20 00:43:54,食品酒水,买菜,,人民币,CNY,189.90,,,,
支出,2020-10-19 14:39:26,食品酒水,中餐,,港币,HKD,30.00,,,,
支出,2020-10-19 14:24:59,食品酒水,中餐,,港币,HKD,15.00,,,,
支出,2020-10-19 10:42:30,食品酒水,早餐,,港币,HKD,10.00,,,,
支出,2020-10-19 09:11:50,食品酒水,早餐,,港币,HKD,28.00,,,,
支出,2020-10-19 00:22:16,行车交通,加油,,港币,HKD,300.00,,,,
支出,2020-10-18 20:01:38,食品酒水,晚餐,,港币,HKD,150.00,,,,
支出,2020-10-18 20:01:30,食品酒水,水果牛奶,,港币,HKD,18.00,,,,
支出,2020-10-17 14:22:35,购物消费,珠宝首饰,,港币,HKD,45600.00,老婆,,手表,
支出,2020-10-17 14:22:28,食品酒水,饮料酒水,,港币,HKD,40.00,,,,
支出,2020-10-17 14:22:21,食品酒水,中餐,,港币,HKD,155.00,,,,
支出,2020-10-17 14:22:18,行车交通,公共交通,,港币,HKD,15.00,,,,
支出,2020-10-17 12:24:44,行车交通,地铁,,港币,HKD,7.00,,,轮渡,
支出,2020-10-17 09:43:21,行车交通,地铁,,港币,HKD,22.00,,,,
支出,2020-10-17 08:59:07,行车交通,公共交通,,港币,HKD,11.00,,,,
支出,2020-10-16 17:55:11,食品酒水,中餐,,人民币,CNY,55.00,,,,
支出,2020-10-16 15:14:00,食品酒水,中餐,,港币,HKD,30.00,,,,
支出,2020-10-16 12:13:34,食品酒水,中餐,,港币,HKD,18.90,,,,
支出,2020-10-16 09:55:33,食品酒水,饮料酒水,,港币,HKD,6.50,默认,,,
支出,2020-10-16 09:55:24,食品酒水,早餐,,港币,HKD,10.00,,,,
支出,2020-10-15 20:26:44,食品酒水,饮料酒水,,港币,HKD,40.00,,,奶茶,
支出,2020-10-15 20:26:36,食品酒水,中餐,,港币,HKD,15.00,,,,
支出,2020-10-15 20:02:32,食品酒水,买菜,,港币,HKD,50.80,,,,
支出,2020-10-15 10:51:21,食品酒水,早餐,,港币,HKD,10.00,,,,
支出,2020-10-14 20:03:13,行车交通,地铁,,港币,HKD,15.00,,,,
支出,2020-10-14 19:51:37,食品酒水,外出美食,,港币,HKD,435.00,,,,
支出,2020-10-14 12:42:48,食品酒水,中餐,,港币,HKD,15.00,,,,
支出,2020-10-14 12:42:42,食品酒水,早餐,,港币,HKD,10.00,,,,
支出,2020-10-14 09:11:01,食品酒水,早餐,,港币,HKD,31.00,,,,
支出,2020-10-12 20:01:31,食品酒水,中餐,,港币,HKD,15.00,,,,
支出,2020-10-12 20:01:26,食品酒水,早餐,,港币,HKD,10.00,,,,
支出,2020-10-12 20:00:56,食品酒水,水果牛奶,,港币,HKD,18.00,,,,
支出,2020-10-12 14:54:25,食品酒水,早餐,,港币,HKD,30.50,,,,
支出,2020-10-12 14:54:11,食品酒水,中餐,,港币,HKD,32.00,,,,
支出,2020-10-11 19:37:37,食品酒水,买菜,,人民币,CNY,185.90,,,,
支出,2020-10-11 15:42:25,食品酒水,柴米油盐,,人民币,CNY,244.66,,,,
支出,2020-10-10 22:27:16,购物消费,电子数码,,港币,HKD,3150.00,默认,,,
支出,2020-10-10 22:27:07,行车交通,保养,,港币,HKD,3000.00,,,,
支出,2020-10-10 22:26:55,食品酒水,外出美食,,港币,HKD,28.00,,,蛋挞,
支出,2020-10-10 12:39:46,食品酒水,饮料酒水,,港币,HKD,22.00,,,冰淇淋,
支出,2020-10-10 12:39:38,食品酒水,中餐,,港币,HKD,72.00,,,,
支出,2020-10-09 21:51:03,食品酒水,买菜,,港币,HKD,14.80,,,,
支出,2020-10-09 12:10:36,食品酒水,中餐,,港币,HKD,30.00,,,,
支出,2020-10-09 09:55:22,食品酒水,饮料酒水,,港币,HKD,14.00,,,,
支出,2020-10-09 09:55:14,食品酒水,晚餐,,港币,HKD,15.00,,,,
支出,2020-10-09 09:55:06,食品酒水,中餐,,港币,HKD,15.00,,,,
支出,2020-10-09 09:54:57,食品酒水,早餐,,港币,HKD,10.00,,,,
支出,2020-10-09 08:33:48,食品酒水,饮料酒水,,港币,HKD,15.00,,,,
支出,2020-10-08 15:35:07,食品酒水,饮料酒水,,港币,HKD,14.00,,,,
支出,2020-10-08 15:34:55,食品酒水,中餐,,港币,HKD,15.00,,,,
支出,2020-10-08 14:16:17,食品酒水,中餐,,港币,HKD,34.00,,,,
支出,2020-10-08 09:56:09,食品酒水,早餐,,港币,HKD,10.00,,,,
支出,2020-10-08 09:28:21,食品酒水,早餐,,港币,HKD,20.40,,,,
支出,2020-10-07 19:50:21,居家生活,电费,,港币,HKD,2000.00,,,,
支出,2020-10-07 13:06:07,食品酒水,晚餐,,港币,HKD,15.00,,,,
支出,2020-10-07 13:06:00,食品酒水,中餐,,港币,HKD,15.00,,,,
支出,2020-10-07 12:44:51,食品酒水,中餐,,港币,HKD,19.40,,,,
支出,2020-10-07 11:52:06,行车交通,违章罚款,,港币,HKD,320.00,,,,
支出,2020-10-07 11:51:59,食品酒水,早餐,,港币,HKD,10.00,,,,
支出,2020-10-07 11:50:22,居家生活,快递费,,港币,HKD,47.00,,,,
支出,2020-10-06 20:52:29,行车交通,加油,,港币,HKD,500.00,,,,
支出,2020-10-06 20:52:15,食品酒水,饮料酒水,,港币,HKD,30.00,,,,
支出,2020-10-06 20:35:41,食品酒水,早餐,,港币,HKD,28.00,,,,
支出,2020-10-06 20:35:36,食品酒水,中餐,,港币,HKD,35.00,,,,
支出,2020-10-06 20:35:18,行车交通,公共交通,,港币,HKD,6.10,,,,
支出,2020-10-06 11:58:21,行车交通,牌费,,港币,HKD,5490.00,默认,,,
支出,2020-10-06 10:46:05,食品酒水,早餐,,港币,HKD,30.00,,,,
支出,2020-10-06 10:45:58,行车交通,打车,,港币,HKD,37.00,,,,
支出,2020-10-06 10:45:43,行车交通,地铁,,港币,HKD,15.60,,,,
支出,2020-10-06 07:53:51,行车交通,公共交通,,港币,HKD,7.50,,,,
支出,2020-10-05 19:23:57,行车交通,公共交通,,港币,HKD,6.10,,,,
支出,2020-10-05 13:25:48,食品酒水,中餐,,港币,HKD,15.00,默认,,,
支出,2020-10-05 12:24:36,食品酒水,买菜,,港币,HKD,122.00,,,人民币 107 加蒜 4,
支出,2020-10-05 12:24:17,食品酒水,中餐,,港币,HKD,33.00,老婆,,,
支出,2020-10-05 11:26:19,行车交通,打车,,港币,HKD,20.00,,,,
支出,2020-10-05 10:26:00,食品酒水,早餐,,港币,HKD,30.00,默认,,麦当劳,
支出,2020-10-05 10:23:30,行车交通,地铁,,港币,HKD,5.00,,,,
支出,2020-10-05 09:44:46,行车交通,地铁,,港币,HKD,7.10,,,,
支出,2020-10-05 08:17:13,行车交通,公共交通,,港币,HKD,7.50,,,,
支出,2020-10-04 23:40:55,食品酒水,饮料酒水,,港币,HKD,15.00,,,咖啡，给媳妇，熬夜,
